Brand,Revenue,Cost,Customer_Age,Gender,Income_Level,Year,Profit,Profit_Margin
Levi's,51,278,21,Male,Low,2021,-227,-445.0980392156863
Calvin Klein,179,49,50,Male,Medium,2022,130,72.62569832402235
Calvin Klein,200,125,63,Male,High,2023,75,37.5
Calvin Klein,291,23,43,Female,Medium,2023,268,92.09621993127148
Calvin Klein,271,242,42,Male,Medium,2023,29,10.70110701107011
Levi's,78,34,47,Female,Low,2021,44,56.41025641025641
Calvin Klein,476,196,21,Male,High,2020,280,58.82352941176471
Calvin Klein,140,86,42,Male,Low,2020,54,38.57142857142858
Levi's,158,59,45,Male,Medium,2020,99,62.65822784810127
Levi's,264,23,36,Female,High,2020,241,91.28787878787878
Levi's,449,282,40,Female,High,2022,167,37.193763919821826
Levi's,408,167,27,Female,Medium,2024,241,59.068627450980394
Calvin Klein,266,292,52,Female,High,2022,-26,-9.774436090225564
Calvin Klein,453,71,62,Female,Medium,2023,382,84.32671081677704
Levi's,258,121,64,Female,Medium,2023,137,53.100775193798455
Levi's,281,208,45,Male,Medium,2021,73,25.97864768683274
Calvin Klein,420,162,47,Female,Medium,2023,258,61.42857142857143
Calvin Klein,386,258,36,Male,High,2020,128,33.160621761658035
Levi's,386,128,51,Male,Low,2021,258,66.83937823834198
Calvin Klein,377,193,33,Female,Low,2021,184,48.80636604774536
Calvin Klein,481,138,56,Female,High,2022,343,71.3097713097713
Calvin Klein,64,233,41,Male,Medium,2024,-169,-264.0625
Levi's,309,174,59,Female,Medium,2021,135,43.689320388349515
Calvin Klein,284,223,21,Female,High,2023,61,21.47887323943662
Levi's,57,160,28,Female,Low,2022,-103,-180.70175438596493
Levi's,172,182,59,Female,High,2024,-10,-5.813953488372093
Levi's,489,25,41,Female,High,2023,464,94.88752556237219
Levi's,364,247,33,Male,Low,2024,117,32.142857142857146
Levi's,413,244,24,Male,Medium,2021,169,40.92009685230024
Levi's,303,264,62,Female,High,2024,39,12.871287128712872
Levi's,312,150,21,Male,Medium,2022,162,51.92307692307693
Levi's,424,220,63,Female,High,2022,204,48.113207547169814
Levi's,219,55,39,Male,Low,2023,164,74.88584474885845
Levi's,339,262,31,Male,High,2021,77,22.71386430678466
Levi's,173,105,38,Female,Low,2023,68,39.30635838150289
Levi's,306,97,59,Female,Medium,2021,209,68.30065359477125
Calvin Klein,193,87,34,Male,Low,2020,106,54.92227979274611
Calvin Klein,172,258,39,Female,High,2023,-86,-50.0
Calvin Klein,463,248,34,Female,Medium,2024,215,46.436285097192226
Levi's,357,280,36,Female,Medium,2024,77,21.568627450980394
Calvin Klein,52,185,18,Female,High,2022,-133,-255.76923076923075
Calvin Klein,172,20,44,Female,High,2024,152,88.37209302325581
Calvin Klein,73,22,45,Male,High,2021,51,69.86301369863014
Levi's,93,24,22,Male,High,2024,69,74.19354838709677
Levi's,73,153,64,Male,Medium,2021,-80,-109.58904109589041
Levi's,285,198,33,Male,Medium,2024,87,30.526315789473685
Calvin Klein,378,296,56,Female,Medium,2020,82,21.693121693121693
Levi's,57,139,23,Female,Medium,2021,-82,-143.859649122807
Calvin Klein,171,178,25,Female,Medium,2024,-7,-4.093567251461988
Levi's,247,108,18,Female,High,2021,139,56.2753036437247
Calvin Klein,218,108,56,Female,High,2024,110,50.45871559633027
Levi's,145,160,31,Female,Medium,2024,-15,-10.344827586206897
Calvin Klein,259,227,21,Female,Medium,2021,32,12.355212355212355
Levi's,111,266,40,Male,Medium,2021,-155,-139.63963963963963
Levi's,425,85,41,Male,Low,2023,340,80.0
Calvin Klein,154,47,19,Female,Medium,2022,107,69.48051948051948
Calvin Klein,434,192,44,Female,Low,2023,242,55.76036866359447
Levi's,337,30,25,Male,Medium,2020,307,91.0979228486647
Calvin Klein,291,165,26,Female,Low,2024,126,43.29896907216495
Levi's,153,47,22,Female,Low,2022,106,69.28104575163398
Calvin Klein,274,133,21,Male,Medium,2022,141,51.45985401459854
Levi's,351,53,36,Male,High,2024,298,84.9002849002849
Calvin Klein,57,171,40,Male,Low,2024,-114,-200.0
Calvin Klein,473,42,23,Female,High,2022,431,91.12050739957716
Levi's,440,130,25,Male,Medium,2024,310,70.45454545454545
Calvin Klein,128,68,59,Female,Low,2020,60,46.875
Calvin Klein,491,31,49,Male,Medium,2024,460,93.68635437881873
Levi's,73,190,41,Male,High,2022,-117,-160.27397260273972
Levi's,454,181,46,Female,Medium,2022,273,60.13215859030837
Calvin Klein,240,258,33,Male,High,2023,-18,-7.5
Calvin Klein,476,264,25,Female,Medium,2020,212,44.537815126050425
Calvin Klein,131,168,24,Male,Low,2022,-37,-28.24427480916031
Calvin Klein,314,104,59,Female,Low,2024,210,66.87898089171973
Levi's,430,299,48,Male,Low,2021,131,30.465116279069765
Calvin Klein,52,140,27,Female,Medium,2022,-88,-169.23076923076923
Calvin Klein,208,255,25,Female,Low,2020,-47,-22.596153846153847
Calvin Klein,95,258,31,Male,Low,2022,-163,-171.57894736842104
Calvin Klein,323,86,53,Female,Medium,2024,237,73.37461300309597
Levi's,419,228,63,Male,Medium,2020,191,45.58472553699284
Calvin Klein,404,226,29,Female,High,2020,178,44.05940594059406
Calvin Klein,402,172,19,Female,Medium,2020,230,57.2139303482587
Calvin Klein,409,58,22,Female,Medium,2024,351,85.81907090464547
Levi's,452,278,30,Male,Low,2024,174,38.49557522123894
Levi's,225,83,49,Male,Medium,2023,142,63.11111111111111
Calvin Klein,127,125,50,Female,High,2020,2,1.574803149606299
Levi's,83,189,55,Male,Low,2021,-106,-127.71084337349396
Levi's,267,125,34,Male,High,2021,142,53.18352059925093
Levi's,91,220,52,Male,Low,2023,-129,-141.75824175824175
Calvin Klein,166,63,25,Female,High,2023,103,62.048192771084345
Levi's,225,216,20,Female,High,2020,9,4.0
Calvin Klein,485,297,46,Female,High,2023,188,38.76288659793815
Calvin Klein,345,161,53,Female,Low,2022,184,53.333333333333336
Calvin Klein,206,285,34,Female,Low,2022,-79,-38.349514563106794
Levi's,379,269,20,Female,Medium,2020,110,29.023746701846964
Calvin Klein,226,191,55,Male,Low,2023,35,15.486725663716813
Levi's,429,153,60,Male,Low,2024,276,64.33566433566433
Levi's,394,293,30,Female,Medium,2022,101,25.63451776649746
Calvin Klein,215,155,63,Male,Medium,2020,60,27.906976744186046
Levi's,385,87,49,Male,Medium,2023,298,77.40259740259741
Calvin Klein,428,270,40,Male,Medium,2023,158,36.915887850467286
Calvin Klein,77,286,34,Male,Low,2023,-209,-271.42857142857144
Calvin Klein,496,50,60,Female,Medium,2020,446,89.91935483870968
Calvin Klein,70,114,31,Female,Low,2021,-44,-62.857142857142854
Levi's,236,120,37,Female,Medium,2023,116,49.152542372881356
Calvin Klein,166,273,35,Female,High,2021,-107,-64.45783132530121
Calvin Klein,226,39,54,Female,Low,2024,187,82.7433628318584
Calvin Klein,150,241,50,Female,High,2024,-91,-60.66666666666667
Levi's,54,277,43,Male,Medium,2022,-223,-412.962962962963
Calvin Klein,327,54,50,Male,Low,2024,273,83.4862385321101
Calvin Klein,365,59,37,Female,High,2022,306,83.83561643835617
Calvin Klein,346,266,33,Male,Medium,2024,80,23.121387283236995
Levi's,106,299,32,Male,Low,2024,-193,-182.0754716981132
Calvin Klein,136,22,61,Male,Medium,2023,114,83.82352941176471
Levi's,223,225,63,Male,Medium,2024,-2,-0.8968609865470852
Calvin Klein,451,39,58,Female,Medium,2023,412,91.35254988913526
Levi's,361,52,33,Male,Medium,2022,309,85.59556786703601
Calvin Klein,259,179,43,Female,Low,2020,80,30.888030888030887
Levi's,61,197,18,Male,Medium,2021,-136,-222.95081967213113
Calvin Klein,278,240,25,Female,Medium,2022,38,13.66906474820144
Levi's,268,242,41,Female,Medium,2024,26,9.701492537313433
Levi's,481,178,49,Male,Medium,2023,303,62.99376299376299
Calvin Klein,300,216,39,Male,Medium,2024,84,28.000000000000004
Levi's,394,58,56,Male,Low,2021,336,85.27918781725889
Levi's,316,256,60,Female,Medium,2022,60,18.9873417721519
Levi's,104,271,61,Male,Medium,2020,-167,-160.5769230769231
Levi's,268,193,18,Female,Low,2020,75,27.985074626865668
Calvin Klein,460,102,62,Female,Medium,2022,358,77.82608695652173
Levi's,181,35,47,Male,Low,2024,146,80.66298342541437
Levi's,82,149,22,Female,High,2024,-67,-81.70731707317073
Levi's,174,248,51,Male,Low,2024,-74,-42.5287356321839
Calvin Klein,465,242,42,Female,High,2020,223,47.956989247311824
Calvin Klein,239,286,28,Male,Low,2023,-47,-19.665271966527197
Levi's,93,209,42,Female,Medium,2020,-116,-124.73118279569893
Levi's,155,264,55,Female,Low,2021,-109,-70.3225806451613
Calvin Klein,302,154,61,Female,Medium,2023,148,49.00662251655629
Levi's,64,274,42,Male,Low,2023,-210,-328.125
Calvin Klein,309,271,62,Male,High,2020,38,12.297734627831716
Levi's,205,137,35,Male,High,2021,68,33.170731707317074
Calvin Klein,397,201,55,Female,High,2020,196,49.37027707808564
Levi's,157,281,55,Male,High,2023,-124,-78.98089171974523
Levi's,496,211,44,Female,Medium,2024,285,57.45967741935484
Levi's,211,208,35,Male,High,2023,3,1.4218009478672986
Levi's,474,236,26,Male,Medium,2024,238,50.210970464135016
Calvin Klein,288,154,29,Male,High,2023,134,46.52777777777778
Calvin Klein,230,205,46,Male,Medium,2022,25,10.869565217391305
Levi's,394,49,49,Male,High,2020,345,87.56345177664974
Calvin Klein,132,37,35,Male,Medium,2023,95,71.96969696969697
Calvin Klein,409,254,60,Male,Low,2023,155,37.89731051344744
Calvin Klein,232,111,64,Male,Medium,2022,121,52.1551724137931
Calvin Klein,355,233,44,Male,Low,2021,122,34.36619718309859
Levi's,322,135,27,Male,Low,2021,187,58.07453416149069
Levi's,182,97,18,Female,Low,2020,85,46.7032967032967
Calvin Klein,186,40,37,Female,Medium,2021,146,78.49462365591397
Levi's,189,136,53,Male,Low,2021,53,28.04232804232804
Calvin Klein,80,290,37,Female,High,2020,-210,-262.5
Calvin Klein,64,75,55,Female,High,2022,-11,-17.1875
Levi's,354,117,26,Male,Medium,2020,237,66.94915254237289
Levi's,409,43,59,Female,Low,2024,366,89.48655256723717
Levi's,321,148,24,Female,High,2020,173,53.89408099688473
Levi's,369,117,18,Male,Medium,2021,252,68.29268292682927
Calvin Klein,410,218,24,Female,Medium,2021,192,46.82926829268293
Calvin Klein,236,253,60,Male,High,2022,-17,-7.203389830508475
Calvin Klein,442,204,44,Female,Medium,2024,238,53.84615384615385
Levi's,90,106,58,Male,High,2024,-16,-17.77777777777778
Calvin Klein,274,247,25,Female,Low,2021,27,9.854014598540147
Levi's,245,114,58,Male,Medium,2021,131,53.46938775510204
Levi's,118,26,54,Female,High,2021,92,77.96610169491525
Calvin Klein,416,43,42,Female,Medium,2021,373,89.66346153846155
Calvin Klein,52,44,39,Male,Low,2020,8,15.384615384615385
Levi's,350,208,24,Male,Medium,2021,142,40.57142857142857
Calvin Klein,310,149,60,Male,High,2022,161,51.935483870967744
Calvin Klein,495,83,62,Male,High,2024,412,83.23232323232324
Calvin Klein,371,95,29,Female,Low,2024,276,74.39353099730458
Calvin Klein,315,151,26,Female,Medium,2023,164,52.06349206349207
Calvin Klein,349,243,24,Female,High,2020,106,30.37249283667622
Levi's,184,219,28,Male,Medium,2020,-35,-19.021739130434785
Calvin Klein,116,99,32,Male,Low,2022,17,14.655172413793101
Levi's,454,205,51,Female,Medium,2023,249,54.845814977973575
Calvin Klein,312,220,53,Female,Medium,2024,92,29.48717948717949
Calvin Klein,301,221,61,Male,Low,2023,80,26.578073089701
Calvin Klein,99,178,25,Female,Low,2021,-79,-79.7979797979798
Levi's,64,44,19,Male,Medium,2024,20,31.25
Calvin Klein,203,48,19,Male,Medium,2021,155,76.35467980295566
Levi's,330,153,38,Female,High,2021,177,53.63636363636364
Levi's,248,241,21,Male,Low,2022,7,2.82258064516129
Calvin Klein,353,225,50,Male,Medium,2020,128,36.26062322946176
Calvin Klein,206,44,23,Female,High,2020,162,78.64077669902912
Calvin Klein,140,246,35,Female,High,2022,-106,-75.71428571428571
Levi's,353,161,47,Female,High,2024,192,54.39093484419264
Levi's,411,225,35,Female,Low,2022,186,45.25547445255474
Levi's,476,223,22,Female,High,2023,253,53.15126050420168
Calvin Klein,484,237,56,Male,Medium,2021,247,51.03305785123967
Levi's,53,94,22,Male,Low,2020,-41,-77.35849056603774
Levi's,341,216,51,Male,High,2022,125,36.65689149560117
Levi's,86,22,54,Male,Low,2022,64,74.4186046511628
Calvin Klein,236,198,18,Male,Medium,2022,38,16.101694915254235
Levi's,299,223,32,Female,Medium,2020,76,25.418060200668897
Levi's,480,216,32,Male,Medium,2023,264,55.00000000000001
Levi's,441,214,34,Male,Medium,2021,227,51.47392290249433
Levi's,335,43,33,Male,Medium,2024,292,87.16417910447761
Calvin Klein,374,87,20,Female,High,2022,287,76.7379679144385
Calvin Klein,103,49,48,Female,High,2023,54,52.42718446601942
Calvin Klein,197,55,51,Male,High,2020,142,72.08121827411168
Calvin Klein,226,103,30,Female,Medium,2022,123,54.424778761061944
Calvin Klein,485,288,53,Female,High,2022,197,40.618556701030926
Levi's,483,170,46,Male,High,2022,313,64.80331262939958
Calvin Klein,291,88,60,Male,Low,2020,203,69.7594501718213
Levi's,156,180,29,Female,High,2020,-24,-15.384615384615385
Levi's,245,27,30,Male,High,2020,218,88.9795918367347
Calvin Klein,288,235,34,Female,High,2021,53,18.40277777777778
Levi's,139,97,58,Male,Low,2023,42,30.215827338129497
Calvin Klein,389,189,34,Male,Low,2024,200,51.41388174807198
Calvin Klein,341,261,29,Male,High,2020,80,23.46041055718475
Levi's,449,282,43,Male,High,2024,167,37.193763919821826
Calvin Klein,108,43,55,Female,Low,2022,65,60.18518518518518
Calvin Klein,430,164,55,Male,High,2023,266,61.86046511627907
Levi's,430,26,45,Male,High,2022,404,93.95348837209302
Levi's,79,188,57,Female,Medium,2022,-109,-137.9746835443038
Levi's,126,210,25,Female,Medium,2024,-84,-66.66666666666666
Calvin Klein,377,96,29,Female,Medium,2021,281,74.53580901856765
Calvin Klein,185,103,48,Female,Low,2024,82,44.32432432432433
Levi's,124,155,61,Male,Medium,2024,-31,-25.0
Levi's,71,73,64,Female,Low,2021,-2,-2.8169014084507045
Calvin Klein,298,179,27,Male,Medium,2021,119,39.93288590604027
Calvin Klein,152,142,20,Female,Low,2024,10,6.578947368421052
Levi's,407,297,37,Male,Low,2023,110,27.027027027027028
Calvin Klein,230,25,61,Female,Medium,2024,205,89.13043478260869
Levi's,82,24,21,Female,High,2023,58,70.73170731707317
Levi's,325,115,43,Male,Low,2024,210,64.61538461538461
Levi's,480,201,32,Female,High,2022,279,58.12500000000001
Calvin Klein,341,157,27,Female,High,2022,184,53.95894428152492
Levi's,291,287,29,Female,High,2024,4,1.3745704467353952
Calvin Klein,434,147,41,Female,Low,2024,287,66.12903225806451
Levi's,263,291,56,Female,Medium,2024,-28,-10.646387832699618
Levi's,423,212,32,Male,Low,2023,211,49.881796690307326
Calvin Klein,463,71,44,Female,High,2022,392,84.66522678185746
Calvin Klein,447,233,26,Male,Low,2024,214,47.87472035794183
Calvin Klein,234,58,26,Male,Low,2022,176,75.21367521367522
Calvin Klein,257,257,31,Male,Medium,2020,0,0.0
Calvin Klein,236,196,45,Female,Medium,2020,40,16.94915254237288
Levi's,326,280,23,Female,High,2020,46,14.11042944785276
Levi's,340,261,19,Male,Medium,2024,79,23.235294117647058
Levi's,490,139,38,Female,High,2023,351,71.63265306122449
Levi's,426,241,56,Female,Medium,2023,185,43.42723004694836
Calvin Klein,185,201,26,Female,Medium,2020,-16,-8.64864864864865
Levi's,464,161,61,Female,Medium,2022,303,65.30172413793103
Levi's,430,157,31,Female,High,2024,273,63.48837209302326
Calvin Klein,183,113,49,Female,Low,2023,70,38.25136612021858
Calvin Klein,423,236,55,Male,High,2021,187,44.2080378250591
Levi's,299,156,23,Female,Low,2023,143,47.82608695652174
Levi's,487,285,34,Male,Low,2020,202,41.478439425051334
Levi's,494,45,45,Male,High,2020,449,90.89068825910931
Calvin Klein,116,78,18,Female,Medium,2020,38,32.758620689655174
Calvin Klein,432,47,36,Female,High,2024,385,89.12037037037037
Calvin Klein,242,192,29,Male,Low,2024,50,20.66115702479339
Levi's,463,46,61,Female,High,2021,417,90.06479481641469
Levi's,490,59,49,Female,Medium,2020,431,87.95918367346938
Levi's,91,103,62,Male,Medium,2021,-12,-13.186813186813188
Levi's,372,126,20,Male,Low,2022,246,66.12903225806451
Calvin Klein,340,200,29,Male,High,2020,140,41.17647058823529
Calvin Klein,83,106,56,Male,Low,2020,-23,-27.710843373493976
Calvin Klein,428,84,24,Female,Medium,2020,344,80.37383177570094
Calvin Klein,401,91,37,Male,High,2024,310,77.3067331670823
Calvin Klein,376,86,26,Female,Low,2023,290,77.12765957446808
Levi's,334,253,22,Female,Medium,2021,81,24.251497005988025
Calvin Klein,205,178,37,Male,Low,2022,27,13.170731707317074
Levi's,328,202,57,Female,Low,2022,126,38.41463414634146
Levi's,260,21,39,Female,Low,2020,239,91.92307692307692
Calvin Klein,136,191,33,Female,Medium,2022,-55,-40.44117647058824
Levi's,111,192,59,Male,Medium,2020,-81,-72.97297297297297
Levi's,444,166,28,Male,High,2020,278,62.612612612612615
Levi's,336,109,29,Female,Medium,2020,227,67.55952380952381
Levi's,83,141,59,Female,Low,2023,-58,-69.87951807228916
Calvin Klein,383,95,29,Male,Low,2021,288,75.19582245430809
Levi's,184,221,34,Female,Medium,2023,-37,-20.108695652173914
Levi's,98,163,25,Female,Medium,2022,-65,-66.3265306122449
Calvin Klein,125,102,46,Female,High,2020,23,18.4
Levi's,89,263,45,Male,Low,2023,-174,-195.5056179775281
Calvin Klein,129,253,18,Female,Low,2020,-124,-96.12403100775194
Calvin Klein,320,178,49,Female,High,2024,142,44.375
Calvin Klein,114,64,64,Female,Medium,2020,50,43.859649122807014
Levi's,485,278,31,Female,Low,2021,207,42.68041237113402
Levi's,111,87,38,Male,High,2020,24,21.62162162162162
Calvin Klein,418,43,19,Female,Low,2022,375,89.71291866028707
Levi's,379,51,38,Male,High,2020,328,86.54353562005277
Calvin Klein,499,86,38,Male,Medium,2021,413,82.76553106212425
Calvin Klein,436,295,32,Male,Low,2020,141,32.3394495412844
Calvin Klein,345,92,40,Female,Medium,2023,253,73.33333333333333
Calvin Klein,284,146,26,Female,Low,2024,138,48.59154929577465
Calvin Klein,308,189,21,Male,High,2022,119,38.63636363636363
Calvin Klein,113,225,32,Male,Medium,2021,-112,-99.11504424778761
Calvin Klein,367,293,54,Male,High,2023,74,20.16348773841962
Calvin Klein,304,38,48,Female,Medium,2022,266,87.5
Levi's,193,196,61,Male,Low,2021,-3,-1.5544041450777202
Levi's,115,284,29,Male,High,2024,-169,-146.95652173913044
Levi's,69,66,22,Female,Low,2022,3,4.3478260869565215
Levi's,481,148,62,Female,Low,2022,333,69.23076923076923
Calvin Klein,224,280,20,Male,Medium,2023,-56,-25.0
Levi's,59,244,25,Male,Low,2020,-185,-313.5593220338983
Calvin Klein,189,167,45,Male,High,2023,22,11.64021164021164
Levi's,137,293,23,Female,Low,2022,-156,-113.86861313868613
Calvin Klein,207,24,33,Male,Low,2021,183,88.40579710144928
Calvin Klein,495,86,37,Male,High,2021,409,82.62626262626263
Levi's,397,217,25,Female,Low,2020,180,45.34005037783375
Levi's,446,196,54,Female,Low,2021,250,56.05381165919282
Calvin Klein,403,177,47,Male,Medium,2022,226,56.07940446650124
Calvin Klein,191,270,57,Female,Low,2021,-79,-41.361256544502616
Calvin Klein,382,146,39,Female,High,2024,236,61.78010471204188
Calvin Klein,92,275,37,Female,Medium,2021,-183,-198.91304347826087
Levi's,406,145,64,Female,Low,2020,261,64.28571428571429
Calvin Klein,391,116,61,Female,Low,2023,275,70.33248081841433
Calvin Klein,369,244,52,Male,Medium,2023,125,33.87533875338754
Calvin Klein,387,194,57,Female,Medium,2024,193,49.87080103359173
Levi's,384,142,39,Male,High,2024,242,63.020833333333336
Calvin Klein,292,92,59,Female,Low,2020,200,68.4931506849315
Calvin Klein,284,32,54,Female,Medium,2021,252,88.73239436619718
Levi's,315,101,19,Male,High,2024,214,67.93650793650794
Calvin Klein,278,191,50,Male,Low,2023,87,31.294964028776977
Levi's,433,221,28,Male,Low,2021,212,48.96073903002309
Levi's,406,275,57,Female,Medium,2021,131,32.26600985221675
Calvin Klein,104,296,60,Male,Low,2024,-192,-184.6153846153846
Calvin Klein,91,171,24,Male,Low,2021,-80,-87.91208791208791
Levi's,252,206,29,Female,High,2024,46,18.253968253968253
Levi's,450,155,34,Male,Medium,2022,295,65.55555555555556
Levi's,272,71,50,Female,Low,2023,201,73.89705882352942
Levi's,212,49,19,Male,High,2024,163,76.88679245283019
Calvin Klein,443,34,25,Male,High,2021,409,92.32505643340858
Calvin Klein,445,74,46,Male,High,2022,371,83.37078651685394
Levi's,410,128,48,Female,High,2023,282,68.78048780487805
Levi's,404,126,46,Male,Medium,2020,278,68.8118811881188
Levi's,106,186,28,Female,Low,2024,-80,-75.47169811320755
Calvin Klein,434,257,35,Female,Medium,2022,177,40.78341013824885
Calvin Klein,265,209,45,Female,Low,2024,56,21.132075471698116
Levi's,213,228,23,Male,Low,2023,-15,-7.042253521126761
Calvin Klein,284,165,30,Male,Medium,2022,119,41.901408450704224
Levi's,345,60,59,Female,Medium,2024,285,82.6086956521739
Calvin Klein,127,95,44,Female,Low,2020,32,25.196850393700785
Levi's,406,196,34,Male,High,2020,210,51.724137931034484
Levi's,124,121,32,Male,Medium,2020,3,2.4193548387096775
Levi's,444,143,40,Male,Medium,2020,301,67.7927927927928
Calvin Klein,307,264,36,Female,Low,2021,43,14.006514657980457
Calvin Klein,277,144,29,Male,Medium,2021,133,48.014440433213
Levi's,169,57,33,Male,Medium,2021,112,66.27218934911244
Calvin Klein,67,86,59,Female,Medium,2022,-19,-28.35820895522388
Calvin Klein,261,109,43,Female,High,2024,152,58.23754789272031
Calvin Klein,308,233,21,Male,High,2022,75,24.350649350649352
Levi's,232,100,21,Male,High,2020,132,56.896551724137936
Levi's,266,254,32,Male,Medium,2020,12,4.511278195488721
Calvin Klein,95,21,32,Female,Medium,2021,74,77.89473684210526
Calvin Klein,59,209,34,Male,Low,2023,-150,-254.23728813559322
Calvin Klein,358,293,18,Male,Medium,2024,65,18.156424581005588
Calvin Klein,141,142,63,Female,High,2021,-1,-0.7092198581560284
Levi's,472,158,24,Female,High,2020,314,66.52542372881356
Levi's,474,55,55,Female,Low,2022,419,88.39662447257383
Levi's,498,189,41,Male,Medium,2021,309,62.048192771084345
Levi's,446,39,47,Male,Medium,2022,407,91.25560538116592
Levi's,190,246,58,Male,Low,2024,-56,-29.47368421052631
Calvin Klein,420,277,45,Female,High,2023,143,34.04761904761905
Calvin Klein,325,261,48,Female,High,2023,64,19.692307692307693
Levi's,344,36,44,Female,Low,2022,308,89.53488372093024
Calvin Klein,400,57,39,Male,Medium,2024,343,85.75
Levi's,479,294,39,Male,Low,2020,185,38.62212943632568
Calvin Klein,219,78,57,Female,High,2022,141,64.38356164383562
Levi's,371,75,26,Female,High,2020,296,79.78436657681941
Calvin Klein,492,71,31,Female,Medium,2020,421,85.56910569105692
Calvin Klein,371,79,47,Male,Medium,2024,292,78.70619946091644
Levi's,398,130,59,Male,Low,2021,268,67.33668341708542
Levi's,315,152,19,Male,Medium,2024,163,51.746031746031754
Calvin Klein,490,165,54,Male,Medium,2024,325,66.3265306122449
Levi's,434,27,52,Female,Low,2020,407,93.77880184331798
Calvin Klein,361,45,32,Male,High,2020,316,87.53462603878116
Levi's,430,263,63,Male,High,2024,167,38.83720930232558
Calvin Klein,313,46,42,Male,High,2022,267,85.3035143769968
Calvin Klein,313,55,34,Male,Medium,2024,258,82.42811501597444
Calvin Klein,461,246,59,Female,Low,2022,215,46.637744034707154
Calvin Klein,317,128,33,Female,Low,2024,189,59.62145110410094
Calvin Klein,94,284,51,Female,Low,2021,-190,-202.1276595744681
Levi's,105,152,18,Male,High,2023,-47,-44.761904761904766
Levi's,244,191,26,Female,High,2020,53,21.721311475409834
Calvin Klein,387,247,40,Male,Medium,2023,140,36.17571059431525
Calvin Klein,53,251,28,Female,High,2023,-198,-373.5849056603774
Calvin Klein,248,246,60,Female,High,2023,2,0.8064516129032258
Calvin Klein,207,283,47,Male,Low,2024,-76,-36.71497584541063
Levi's,306,95,34,Male,Low,2021,211,68.95424836601308
Calvin Klein,301,34,26,Male,High,2024,267,88.70431893687709
Levi's,81,67,27,Female,High,2024,14,17.28395061728395
Levi's,353,97,52,Male,Medium,2021,256,72.52124645892351
Levi's,302,237,20,Female,High,2020,65,21.52317880794702
Calvin Klein,474,160,39,Male,Medium,2021,314,66.24472573839662
Calvin Klein,64,90,34,Male,Low,2024,-26,-40.625
Calvin Klein,175,27,26,Female,Low,2022,148,84.57142857142857
Calvin Klein,164,139,47,Female,High,2022,25,15.24390243902439
Calvin Klein,448,257,34,Female,Medium,2020,191,42.63392857142857
Calvin Klein,54,247,46,Male,Low,2020,-193,-357.4074074074074
Calvin Klein,193,48,64,Female,Medium,2023,145,75.12953367875647
Levi's,355,203,31,Male,Medium,2023,152,42.816901408450704
Levi's,70,262,55,Female,Medium,2020,-192,-274.2857142857143
Levi's,96,56,34,Male,High,2020,40,41.66666666666667
Calvin Klein,288,295,20,Female,Medium,2024,-7,-2.430555555555556
Levi's,248,76,33,Male,High,2024,172,69.35483870967742
Levi's,150,115,50,Female,High,2024,35,23.333333333333332
Calvin Klein,262,237,60,Female,Low,2020,25,9.541984732824428
Levi's,115,99,22,Male,Low,2021,16,13.91304347826087
Calvin Klein,331,265,40,Male,High,2022,66,19.939577039274926
Levi's,445,273,50,Male,High,2024,172,38.651685393258425
Levi's,383,181,31,Female,High,2023,202,52.74151436031331
Levi's,306,38,41,Female,High,2021,268,87.58169934640523
Calvin Klein,478,149,26,Male,Medium,2021,329,68.82845188284519
Calvin Klein,462,215,37,Female,Low,2024,247,53.46320346320347
Calvin Klein,130,200,64,Male,Medium,2024,-70,-53.84615384615385
Levi's,475,205,62,Male,Medium,2022,270,56.84210526315789
Calvin Klein,106,190,39,Female,Low,2021,-84,-79.24528301886792
Levi's,238,62,35,Female,Low,2020,176,73.94957983193278
Calvin Klein,466,183,25,Female,High,2022,283,60.72961373390557
Levi's,249,171,21,Female,High,2023,78,31.32530120481928
Levi's,313,263,38,Female,Low,2021,50,15.974440894568689
Levi's,184,115,32,Male,High,2022,69,37.5
Calvin Klein,359,63,31,Male,High,2022,296,82.45125348189416
Levi's,286,168,43,Male,Low,2023,118,41.25874125874126
Calvin Klein,464,222,30,Female,High,2022,242,52.1551724137931
Levi's,241,277,44,Male,Low,2024,-36,-14.937759336099585
Calvin Klein,417,165,25,Male,Low,2022,252,60.431654676258994
Calvin Klein,369,296,33,Male,Low,2020,73,19.78319783197832
Calvin Klein,109,154,41,Female,Low,2024,-45,-41.284403669724774
Levi's,133,78,19,Male,Low,2022,55,41.35338345864661
Levi's,162,269,48,Male,Medium,2020,-107,-66.0493827160494
Levi's,354,199,57,Male,Medium,2023,155,43.78531073446328
Calvin Klein,487,274,20,Male,High,2024,213,43.737166324435314
Levi's,218,57,32,Male,Medium,2021,161,73.85321100917432
Calvin Klein,277,292,43,Female,High,2024,-15,-5.415162454873646
Calvin Klein,128,48,20,Male,Medium,2023,80,62.5
Calvin Klein,326,296,19,Male,High,2020,30,9.202453987730062
Levi's,464,197,52,Female,Medium,2022,267,57.543103448275865
Levi's,144,242,20,Male,Low,2022,-98,-68.05555555555556
Levi's,449,149,26,Female,High,2024,300,66.815144766147
Levi's,119,144,18,Female,Low,2023,-25,-21.008403361344538
Calvin Klein,154,169,34,Female,Low,2020,-15,-9.740259740259742
Calvin Klein,177,258,51,Female,High,2021,-81,-45.76271186440678
Calvin Klein,116,111,56,Male,Low,2021,5,4.310344827586207
Levi's,108,175,43,Male,Medium,2021,-67,-62.03703703703704
Levi's,184,258,20,Female,Low,2021,-74,-40.21739130434783
Levi's,318,236,18,Male,Medium,2023,82,25.78616352201258
Calvin Klein,497,23,46,Female,Medium,2020,474,95.37223340040242
Levi's,439,144,42,Male,Low,2023,295,67.19817767653758
Levi's,116,273,48,Female,Medium,2022,-157,-135.3448275862069
Calvin Klein,406,280,30,Male,High,2023,126,31.03448275862069
Levi's,342,242,60,Male,High,2020,100,29.239766081871345
Levi's,457,127,24,Male,Medium,2020,330,72.21006564551422
Calvin Klein,368,158,50,Male,Medium,2024,210,57.065217391304344
Calvin Klein,88,208,46,Male,High,2024,-120,-136.36363636363635
Levi's,340,93,55,Female,Low,2022,247,72.6470588235294
Calvin Klein,231,131,42,Female,High,2023,100,43.290043290043286
Levi's,82,131,33,Male,Low,2023,-49,-59.756097560975604
Levi's,85,163,60,Female,Medium,2024,-78,-91.76470588235294
Levi's,308,172,44,Female,High,2023,136,44.15584415584416
Levi's,77,60,40,Male,Low,2023,17,22.07792207792208
Levi's,352,27,54,Female,Medium,2021,325,92.32954545454545
Calvin Klein,168,233,28,Female,Low,2022,-65,-38.69047619047619
Levi's,385,76,30,Female,Medium,2024,309,80.25974025974027
Levi's,211,234,44,Male,Medium,2023,-23,-10.90047393364929
Calvin Klein,58,127,33,Male,Medium,2023,-69,-118.96551724137932
Levi's,113,193,55,Female,Medium,2023,-80,-70.79646017699115
Calvin Klein,483,55,52,Female,High,2021,428,88.6128364389234
Calvin Klein,279,33,37,Male,High,2022,246,88.17204301075269
Levi's,190,140,54,Male,Low,2023,50,26.31578947368421
Calvin Klein,448,196,34,Male,Low,2021,252,56.25
Levi's,109,135,18,Male,Low,2021,-26,-23.853211009174313
Calvin Klein,218,46,23,Female,High,2020,172,78.89908256880734
Calvin Klein,452,217,60,Male,Medium,2024,235,51.991150442477874
Calvin Klein,175,30,36,Male,High,2020,145,82.85714285714286
Levi's,213,249,35,Female,Medium,2023,-36,-16.901408450704224
Levi's,256,270,44,Male,Medium,2021,-14,-5.46875
Levi's,143,70,21,Female,Low,2020,73,51.048951048951054
Levi's,86,253,36,Male,Medium,2020,-167,-194.1860465116279
Levi's,335,75,28,Female,Low,2022,260,77.61194029850746
Levi's,252,35,43,Female,Low,2023,217,86.11111111111111
Levi's,336,110,24,Female,Low,2022,226,67.26190476190477
Levi's,120,93,34,Male,Medium,2024,27,22.5
Calvin Klein,428,259,60,Male,Low,2022,169,39.48598130841122
Levi's,309,156,20,Female,Medium,2023,153,49.51456310679612
Levi's,453,247,59,Female,Medium,2021,206,45.47461368653421
Calvin Klein,407,287,62,Female,Medium,2020,120,29.484029484029485
Calvin Klein,312,285,53,Female,Low,2023,27,8.653846153846153
Calvin Klein,161,247,31,Male,High,2024,-86,-53.41614906832298
Levi's,322,286,40,Male,Medium,2023,36,11.180124223602485
Levi's,456,32,31,Male,High,2020,424,92.98245614035088
Calvin Klein,453,55,60,Female,High,2022,398,87.85871964679912
Levi's,243,27,31,Female,Medium,2023,216,88.88888888888889
Levi's,198,78,31,Male,Low,2020,120,60.60606060606061
Levi's,337,193,23,Female,High,2023,144,42.72997032640949
Calvin Klein,244,242,58,Male,Low,2021,2,0.819672131147541
Levi's,221,268,51,Female,High,2023,-47,-21.266968325791854
Calvin Klein,377,173,26,Male,Low,2023,204,54.11140583554377
Calvin Klein,163,234,27,Female,Medium,2020,-71,-43.558282208588956
Levi's,59,174,37,Male,High,2022,-115,-194.91525423728814
Levi's,346,206,27,Female,High,2022,140,40.46242774566474
Levi's,481,171,34,Female,High,2023,310,64.44906444906445
Calvin Klein,398,184,46,Female,Low,2024,214,53.768844221105525
Levi's,406,236,58,Male,Medium,2020,170,41.87192118226601
Levi's,338,250,63,Male,High,2024,88,26.035502958579883
Levi's,484,29,27,Male,Low,2020,455,94.00826446280992
Calvin Klein,289,107,37,Female,High,2024,182,62.9757785467128
Calvin Klein,250,77,34,Male,Medium,2021,173,69.19999999999999
Levi's,91,162,61,Male,Low,2020,-71,-78.02197802197803
Calvin Klein,82,71,52,Female,Low,2023,11,13.414634146341465
Levi's,455,160,38,Female,High,2020,295,64.83516483516483
Calvin Klein,218,27,20,Female,High,2023,191,87.61467889908256
Levi's,359,50,45,Female,Low,2021,309,86.0724233983287
Levi's,228,64,59,Female,High,2024,164,71.9298245614035
Calvin Klein,197,246,23,Male,High,2020,-49,-24.873096446700508
Levi's,184,20,19,Female,High,2021,164,89.13043478260869
Levi's,366,89,50,Male,Medium,2023,277,75.68306010928961
Calvin Klein,230,283,32,Male,High,2023,-53,-23.043478260869566
Calvin Klein,456,247,46,Female,Medium,2022,209,45.83333333333333
Calvin Klein,157,232,41,Male,Medium,2024,-75,-47.77070063694268
Calvin Klein,385,62,64,Male,Low,2020,323,83.8961038961039
Calvin Klein,489,123,41,Female,Low,2024,366,74.84662576687117
Calvin Klein,86,49,25,Female,Low,2021,37,43.02325581395349
Levi's,230,82,61,Male,Medium,2022,148,64.34782608695652
Levi's,316,248,55,Female,Low,2020,68,21.518987341772153
Calvin Klein,77,27,41,Male,Medium,2023,50,64.93506493506493
Levi's,234,298,48,Female,High,2021,-64,-27.350427350427353
Calvin Klein,179,287,35,Male,High,2021,-108,-60.33519553072626
Calvin Klein,152,43,40,Female,Medium,2020,109,71.71052631578947
Levi's,418,22,43,Male,Medium,2020,396,94.73684210526315
Levi's,440,21,53,Male,High,2022,419,95.22727272727273
Levi's,383,51,36,Female,High,2023,332,86.68407310704961
Levi's,465,138,42,Male,Medium,2020,327,70.3225806451613
Levi's,258,229,48,Male,Low,2021,29,11.24031007751938
Calvin Klein,53,198,44,Female,High,2020,-145,-273.5849056603774
Calvin Klein,422,20,58,Female,Low,2020,402,95.260663507109
Calvin Klein,183,132,44,Male,Low,2020,51,27.86885245901639
Calvin Klein,336,292,54,Male,Low,2023,44,13.095238095238097
Levi's,441,161,29,Female,Low,2023,280,63.49206349206349
Calvin Klein,66,123,53,Female,High,2023,-57,-86.36363636363636
Levi's,475,201,24,Female,Medium,2020,274,57.684210526315795
Levi's,379,120,63,Female,High,2024,259,68.33773087071239
Levi's,488,51,43,Male,High,2020,437,89.54918032786885
Levi's,61,191,59,Male,High,2022,-130,-213.11475409836066
Calvin Klein,69,125,59,Male,High,2023,-56,-81.15942028985508
Levi's,302,109,56,Female,High,2020,193,63.90728476821192
Levi's,182,286,48,Female,High,2023,-104,-57.14285714285714
Calvin Klein,205,179,49,Female,Low,2021,26,12.682926829268293
Levi's,289,91,34,Female,Medium,2021,198,68.5121107266436
Levi's,449,37,62,Female,Medium,2021,412,91.75946547884188
Levi's,493,255,20,Male,Medium,2023,238,48.275862068965516
Levi's,266,81,19,Female,Low,2023,185,69.54887218045113
Levi's,106,40,21,Male,High,2022,66,62.264150943396224
Levi's,360,203,35,Female,Low,2024,157,43.611111111111114
Calvin Klein,206,245,41,Female,Low,2020,-39,-18.932038834951456
Levi's,270,81,60,Female,High,2020,189,70.0
Calvin Klein,366,132,20,Male,Medium,2020,234,63.934426229508205
Levi's,314,149,19,Female,Low,2021,165,52.547770700636946
Calvin Klein,103,68,26,Male,Low,2020,35,33.980582524271846
Calvin Klein,207,202,24,Female,High,2023,5,2.4154589371980677
Calvin Klein,433,23,31,Female,Low,2023,410,94.68822170900692
Calvin Klein,165,26,37,Female,High,2020,139,84.24242424242424
Calvin Klein,133,20,32,Male,Low,2023,113,84.9624060150376
Levi's,315,151,27,Male,Low,2021,164,52.06349206349207
Calvin Klein,77,64,63,Female,Low,2021,13,16.883116883116884
Levi's,460,98,53,Male,High,2023,362,78.69565217391305
Calvin Klein,185,117,22,Male,Medium,2022,68,36.75675675675676
Calvin Klein,492,96,63,Female,Medium,2022,396,80.48780487804879
Calvin Klein,151,34,63,Female,Medium,2023,117,77.48344370860927
Calvin Klein,449,199,23,Male,Low,2021,250,55.67928730512249
Calvin Klein,358,241,64,Male,High,2022,117,32.68156424581006
Calvin Klein,233,279,28,Female,Medium,2022,-46,-19.742489270386265
Calvin Klein,202,271,25,Male,Medium,2021,-69,-34.15841584158416
Levi's,491,172,47,Male,High,2022,319,64.96945010183299
Calvin Klein,188,253,29,Male,Low,2021,-65,-34.57446808510639
Levi's,290,117,57,Female,Low,2020,173,59.6551724137931
Levi's,279,142,62,Male,High,2024,137,49.10394265232975
Levi's,137,161,43,Female,Low,2023,-24,-17.51824817518248
Calvin Klein,418,146,46,Female,High,2021,272,65.07177033492823
Calvin Klein,304,179,58,Male,High,2020,125,41.118421052631575
Calvin Klein,227,258,55,Male,Medium,2021,-31,-13.656387665198238
Levi's,207,261,46,Female,Medium,2020,-54,-26.08695652173913
Levi's,76,258,39,Male,Medium,2023,-182,-239.47368421052633
Calvin Klein,197,248,52,Male,High,2020,-51,-25.888324873096447
Levi's,338,196,37,Female,Medium,2023,142,42.01183431952663
Levi's,245,142,62,Male,Medium,2020,103,42.04081632653061
Levi's,433,299,22,Male,High,2022,134,30.94688221709007
Calvin Klein,119,249,55,Male,High,2021,-130,-109.24369747899159
Levi's,239,153,43,Female,High,2020,86,35.98326359832636
Levi's,456,176,63,Male,Medium,2022,280,61.40350877192983
Calvin Klein,54,100,21,Male,Low,2021,-46,-85.18518518518519
Levi's,245,61,19,Male,High,2023,184,75.10204081632654
Levi's,453,239,64,Female,Low,2024,214,47.24061810154526
Calvin Klein,202,132,62,Male,High,2020,70,34.65346534653465
Calvin Klein,158,101,18,Male,Low,2024,57,36.075949367088604
Levi's,466,212,39,Male,Medium,2024,254,54.506437768240346
Levi's,401,269,25,Male,High,2021,132,32.917705735660846
Calvin Klein,339,183,35,Female,Low,2021,156,46.017699115044245
Calvin Klein,177,40,52,Female,Medium,2021,137,77.40112994350282
Levi's,415,201,18,Female,Medium,2024,214,51.566265060240966
Calvin Klein,177,299,56,Female,Low,2021,-122,-68.92655367231639
Calvin Klein,235,108,40,Female,Low,2022,127,54.04255319148936
Levi's,452,163,40,Female,Medium,2021,289,63.93805309734514
Calvin Klein,56,234,57,Female,Medium,2024,-178,-317.85714285714283
Calvin Klein,185,243,28,Female,Low,2021,-58,-31.351351351351354
Levi's,256,40,54,Male,Medium,2023,216,84.375
Calvin Klein,374,245,40,Female,Medium,2024,129,34.49197860962567
Levi's,121,144,45,Male,Medium,2020,-23,-19.00826446280992
Levi's,53,78,26,Female,Low,2022,-25,-47.16981132075472
Levi's,458,201,39,Female,Low,2023,257,56.11353711790393
Calvin Klein,422,67,53,Female,Low,2021,355,84.12322274881517
Calvin Klein,101,68,34,Female,High,2021,33,32.67326732673268
Calvin Klein,286,54,26,Female,High,2024,232,81.11888111888112
Levi's,81,280,35,Male,High,2022,-199,-245.67901234567898
Levi's,293,262,30,Male,Low,2023,31,10.580204778156997
Calvin Klein,488,45,54,Female,Low,2020,443,90.77868852459017
Levi's,388,71,59,Male,Low,2023,317,81.70103092783505
Calvin Klein,66,188,28,Male,Medium,2022,-122,-184.84848484848484
Levi's,306,299,27,Male,High,2020,7,2.287581699346405
Levi's,373,32,50,Male,Medium,2022,341,91.42091152815014
Calvin Klein,109,206,55,Female,Medium,2021,-97,-88.9908256880734
Calvin Klein,304,20,18,Male,Medium,2024,284,93.42105263157895
Calvin Klein,260,287,42,Male,Medium,2021,-27,-10.384615384615385
Calvin Klein,363,159,34,Female,Medium,2021,204,56.19834710743802
Calvin Klein,349,288,26,Female,Medium,2022,61,17.478510028653297
Calvin Klein,221,137,53,Male,High,2020,84,38.009049773755656
Calvin Klein,439,224,22,Male,Low,2023,215,48.9749430523918
Levi's,199,195,28,Female,Low,2021,4,2.0100502512562812
Levi's,485,297,41,Female,Medium,2020,188,38.76288659793815
Calvin Klein,445,86,51,Female,Medium,2022,359,80.67415730337079
Calvin Klein,150,44,21,Female,High,2023,106,70.66666666666667
Levi's,217,43,27,Male,Medium,2020,174,80.18433179723502
Levi's,65,58,42,Male,Medium,2022,7,10.76923076923077
Calvin Klein,215,262,31,Female,High,2022,-47,-21.86046511627907
Levi's,408,240,32,Male,Low,2020,168,41.17647058823529
Calvin Klein,418,279,38,Female,Medium,2022,139,33.25358851674641
Calvin Klein,419,253,32,Male,Medium,2023,166,39.618138424821005
Calvin Klein,348,54,46,Female,High,2024,294,84.48275862068965
Levi's,430,22,21,Female,Medium,2020,408,94.88372093023256
Calvin Klein,236,191,24,Male,Low,2020,45,19.06779661016949
Levi's,88,278,63,Female,Medium,2023,-190,-215.9090909090909
Levi's,180,70,41,Female,Medium,2024,110,61.111111111111114
Levi's,228,165,51,Male,Low,2020,63,27.631578947368425
Levi's,158,160,60,Male,Medium,2021,-2,-1.2658227848101267
Levi's,105,222,29,Female,High,2020,-117,-111.42857142857143
Levi's,351,97,28,Female,High,2020,254,72.36467236467237
Levi's,184,168,52,Female,High,2022,16,8.695652173913043
Levi's,144,84,27,Male,Medium,2021,60,41.66666666666667
Levi's,363,90,60,Male,High,2024,273,75.20661157024794
Calvin Klein,393,53,51,Female,High,2020,340,86.51399491094148
Calvin Klein,415,57,23,Male,Medium,2022,358,86.26506024096385
Levi's,143,295,44,Female,Low,2021,-152,-106.2937062937063
Levi's,155,116,63,Male,High,2023,39,25.161290322580644
Calvin Klein,109,187,59,Female,High,2022,-78,-71.55963302752293
Calvin Klein,67,122,24,Female,Low,2024,-55,-82.08955223880598
Levi's,81,75,32,Female,Low,2023,6,7.4074074074074066
Calvin Klein,374,80,31,Female,High,2022,294,78.6096256684492
Levi's,142,219,58,Male,Medium,2021,-77,-54.22535211267606
Levi's,94,81,38,Female,Low,2024,13,13.829787234042554
Levi's,416,36,62,Male,Medium,2023,380,91.34615384615384
Calvin Klein,251,128,40,Male,Low,2020,123,49.00398406374502
Calvin Klein,399,145,41,Female,High,2021,254,63.65914786967418
Calvin Klein,300,108,46,Female,Medium,2023,192,64.0
Calvin Klein,498,67,46,Female,High,2023,431,86.54618473895582
Levi's,440,145,18,Male,Medium,2024,295,67.04545454545455
Levi's,406,269,60,Male,Low,2022,137,33.743842364532014
Calvin Klein,154,219,25,Female,Medium,2023,-65,-42.2077922077922
Levi's,143,109,63,Female,High,2024,34,23.776223776223777
Levi's,376,238,38,Female,High,2020,138,36.702127659574465
Calvin Klein,354,256,57,Female,High,2021,98,27.683615819209038
Calvin Klein,293,170,36,Female,Low,2021,123,41.979522184300336
Calvin Klein,461,268,34,Male,Low,2021,193,41.86550976138829
Levi's,72,92,51,Female,High,2021,-20,-27.77777777777778
Levi's,491,264,20,Male,High,2021,227,46.23217922606925
Calvin Klein,360,80,22,Male,Low,2024,280,77.77777777777779
Levi's,471,50,60,Male,High,2024,421,89.38428874734608
Calvin Klein,188,227,26,Female,Low,2021,-39,-20.74468085106383
Calvin Klein,113,71,39,Female,Medium,2024,42,37.16814159292036
Levi's,246,293,64,Male,Low,2023,-47,-19.10569105691057
Calvin Klein,434,266,60,Male,Low,2022,168,38.70967741935484
Calvin Klein,208,97,23,Male,High,2021,111,53.36538461538461
Calvin Klein,108,184,45,Male,Low,2024,-76,-70.37037037037037
Calvin Klein,181,163,35,Female,Low,2023,18,9.94475138121547
Levi's,330,175,40,Male,High,2021,155,46.96969696969697
Calvin Klein,163,109,34,Female,Low,2023,54,33.12883435582822
Calvin Klein,288,75,36,Male,Medium,2024,213,73.95833333333334
Calvin Klein,394,243,28,Female,High,2023,151,38.3248730964467
Levi's,428,212,22,Female,Low,2021,216,50.467289719626166
Calvin Klein,491,99,28,Male,Low,2021,392,79.83706720977597
Calvin Klein,89,299,52,Male,Medium,2023,-210,-235.95505617977528
Levi's,398,175,53,Female,High,2024,223,56.03015075376885
Calvin Klein,459,52,28,Female,Medium,2023,407,88.67102396514161
Calvin Klein,485,98,46,Male,Medium,2024,387,79.79381443298969
Levi's,410,175,61,Male,Medium,2022,235,57.3170731707317
Calvin Klein,136,40,61,Male,Low,2022,96,70.58823529411765
Calvin Klein,175,132,58,Male,Low,2023,43,24.571428571428573
Calvin Klein,383,194,44,Female,Medium,2022,189,49.34725848563969
Calvin Klein,366,196,18,Male,Low,2024,170,46.44808743169399
Levi's,237,239,62,Female,High,2024,-2,-0.8438818565400843
Calvin Klein,79,151,24,Male,Medium,2022,-72,-91.13924050632912
Levi's,100,86,23,Male,Medium,2023,14,14.000000000000002
Levi's,247,242,33,Male,Low,2023,5,2.0242914979757085
Calvin Klein,93,113,62,Male,High,2023,-20,-21.50537634408602
Levi's,188,119,59,Male,Low,2023,69,36.702127659574465
Calvin Klein,63,213,27,Female,High,2020,-150,-238.0952380952381
Calvin Klein,398,153,60,Female,Medium,2024,245,61.55778894472361
Calvin Klein,253,173,27,Female,High,2024,80,31.620553359683797
Calvin Klein,285,87,26,Female,Medium,2023,198,69.47368421052632
Calvin Klein,185,194,62,Male,High,2024,-9,-4.864864864864865
Levi's,92,270,62,Female,High,2022,-178,-193.47826086956522
Levi's,158,123,43,Male,Low,2023,35,22.151898734177212
Levi's,382,227,56,Female,Medium,2024,155,40.575916230366495
Calvin Klein,461,93,36,Female,High,2022,368,79.82646420824295
Levi's,298,214,47,Male,Low,2023,84,28.187919463087248
Calvin Klein,108,145,40,Male,Low,2020,-37,-34.25925925925926
Calvin Klein,444,277,57,Female,Low,2022,167,37.61261261261261
Levi's,279,82,58,Male,Low,2020,197,70.60931899641577
Levi's,394,191,32,Male,High,2023,203,51.52284263959391
Calvin Klein,415,195,44,Female,Low,2023,220,53.01204819277109
Calvin Klein,339,181,26,Male,Low,2021,158,46.607669616519175
Levi's,430,96,37,Female,Low,2021,334,77.67441860465117
Levi's,144,172,19,Female,Medium,2022,-28,-19.444444444444446
Calvin Klein,314,44,33,Male,High,2020,270,85.98726114649682
Calvin Klein,99,29,23,Female,Low,2020,70,70.70707070707071
Calvin Klein,388,234,51,Male,Low,2021,154,39.69072164948454
Levi's,214,42,29,Female,High,2020,172,80.37383177570094
Levi's,184,239,37,Female,Low,2023,-55,-29.891304347826086
Calvin Klein,408,275,59,Male,Medium,2023,133,32.59803921568628
Calvin Klein,363,38,44,Male,Low,2024,325,89.53168044077135
Calvin Klein,474,186,34,Male,High,2021,288,60.75949367088608
Calvin Klein,405,106,35,Male,Low,2022,299,73.82716049382717
Calvin Klein,291,156,48,Female,High,2024,135,46.391752577319586
Calvin Klein,79,183,46,Female,Medium,2020,-104,-131.64556962025316
Calvin Klein,455,224,37,Male,High,2024,231,50.76923076923077
Calvin Klein,243,276,64,Female,Medium,2022,-33,-13.580246913580247
Levi's,433,25,30,Male,Low,2022,408,94.22632794457274
Levi's,308,149,62,Male,Low,2024,159,51.62337662337663
Levi's,415,236,45,Female,Low,2022,179,43.132530120481924
Levi's,291,173,46,Female,Low,2021,118,40.549828178694156
Levi's,238,201,18,Male,High,2024,37,15.546218487394958
Levi's,342,93,57,Male,Medium,2020,249,72.80701754385966
Levi's,419,287,29,Male,Low,2023,132,31.5035799522673
Levi's,484,142,61,Female,Low,2023,342,70.66115702479338
Levi's,345,165,26,Male,Low,2021,180,52.17391304347826
Levi's,470,130,48,Female,High,2023,340,72.3404255319149
Levi's,336,84,21,Male,Low,2024,252,75.0
Levi's,443,106,20,Male,Low,2020,337,76.07223476297969
Calvin Klein,304,274,64,Male,Medium,2021,30,9.868421052631579
Levi's,266,168,23,Male,Medium,2022,98,36.84210526315789
Calvin Klein,288,62,23,Female,Low,2021,226,78.47222222222221
Calvin Klein,74,58,35,Male,Medium,2024,16,21.62162162162162
Calvin Klein,395,268,41,Male,Medium,2022,127,32.151898734177216
Calvin Klein,378,163,50,Female,Medium,2021,215,56.87830687830689
Levi's,166,254,28,Male,Medium,2021,-88,-53.01204819277109
Calvin Klein,84,84,35,Male,Medium,2024,0,0.0
Levi's,375,93,60,Male,High,2020,282,75.2
Levi's,419,276,33,Female,Low,2024,143,34.12887828162291
Levi's,326,218,54,Male,High,2024,108,33.12883435582822
Levi's,336,262,53,Female,Medium,2023,74,22.023809523809522
Levi's,415,203,56,Male,Low,2024,212,51.08433734939759
Calvin Klein,180,264,40,Male,High,2023,-84,-46.666666666666664
Levi's,322,131,57,Female,Medium,2024,191,59.3167701863354
Levi's,197,57,23,Female,High,2024,140,71.06598984771574
Levi's,103,122,37,Male,Low,2022,-19,-18.446601941747574
Levi's,57,100,21,Male,Medium,2022,-43,-75.43859649122807
Levi's,334,97,28,Female,High,2020,237,70.95808383233533
Calvin Klein,456,124,18,Male,Low,2021,332,72.80701754385966
Levi's,233,102,30,Male,Low,2024,131,56.22317596566524
Levi's,408,22,45,Male,Low,2024,386,94.6078431372549
Calvin Klein,261,52,59,Male,Medium,2024,209,80.07662835249042
Calvin Klein,215,133,44,Male,Medium,2022,82,38.139534883720934
Calvin Klein,291,205,35,Male,Medium,2021,86,29.553264604810998
Calvin Klein,422,291,21,Male,Medium,2021,131,31.04265402843602
Calvin Klein,436,75,50,Female,Low,2021,361,82.79816513761467
Levi's,461,75,47,Female,High,2021,386,83.73101952277658
Levi's,144,204,63,Male,High,2021,-60,-41.66666666666667
Levi's,182,135,20,Male,Medium,2020,47,25.82417582417583
Levi's,149,57,29,Female,Low,2022,92,61.74496644295302
Calvin Klein,292,169,59,Female,High,2020,123,42.12328767123288
Levi's,492,29,58,Male,Low,2022,463,94.10569105691057
Levi's,151,190,22,Female,Medium,2023,-39,-25.82781456953642
Calvin Klein,358,110,47,Female,Medium,2022,248,69.27374301675978
Levi's,190,24,29,Male,High,2024,166,87.36842105263159
Levi's,104,245,36,Male,High,2020,-141,-135.5769230769231
Levi's,275,184,61,Female,High,2023,91,33.09090909090909
Levi's,400,85,60,Male,High,2023,315,78.75
Levi's,283,204,28,Male,Low,2024,79,27.915194346289752
Levi's,431,141,57,Female,Medium,2020,290,67.28538283062645
Calvin Klein,193,275,36,Male,Medium,2021,-82,-42.487046632124354
Calvin Klein,229,188,43,Female,Low,2020,41,17.903930131004365
Calvin Klein,231,202,37,Female,High,2023,29,12.554112554112553
Levi's,141,238,34,Female,Low,2021,-97,-68.79432624113475
Levi's,499,179,21,Male,High,2024,320,64.12825651302605
Levi's,230,90,48,Male,Medium,2023,140,60.86956521739131
Calvin Klein,240,66,23,Female,Low,2023,174,72.5
Calvin Klein,456,164,33,Female,Medium,2022,292,64.03508771929825
Levi's,385,169,40,Female,Low,2020,216,56.1038961038961
Calvin Klein,269,145,60,Female,Medium,2020,124,46.09665427509294
Calvin Klein,438,116,57,Female,Medium,2021,322,73.51598173515981
Calvin Klein,439,188,41,Male,High,2021,251,57.1753986332574
Calvin Klein,105,225,42,Male,Medium,2024,-120,-114.28571428571428
Calvin Klein,376,76,34,Female,Medium,2020,300,79.7872340425532
Calvin Klein,123,129,38,Female,Low,2021,-6,-4.878048780487805
Levi's,306,197,40,Female,High,2021,109,35.62091503267974
Calvin Klein,198,254,55,Male,Low,2020,-56,-28.28282828282828
Levi's,225,246,41,Female,Medium,2020,-21,-9.333333333333334
Calvin Klein,403,100,57,Female,Medium,2022,303,75.18610421836229
Calvin Klein,146,174,60,Female,High,2023,-28,-19.17808219178082
Levi's,340,42,20,Female,Medium,2020,298,87.6470588235294
Levi's,106,155,18,Female,Low,2024,-49,-46.22641509433962
Calvin Klein,474,109,19,Female,Low,2021,365,77.0042194092827
Calvin Klein,216,258,41,Female,High,2021,-42,-19.444444444444446
Calvin Klein,373,217,41,Female,Low,2022,156,41.8230563002681
Levi's,174,122,38,Female,Low,2020,52,29.88505747126437
Levi's,244,42,35,Female,Medium,2021,202,82.78688524590164
Calvin Klein,262,165,48,Male,Low,2023,97,37.02290076335878
Levi's,312,161,63,Male,Low,2023,151,48.3974358974359
Levi's,499,209,55,Male,Low,2020,290,58.116232464929865
Calvin Klein,335,107,64,Female,High,2023,228,68.05970149253731
Calvin Klein,470,268,63,Male,Low,2021,202,42.97872340425532
Calvin Klein,419,48,32,Male,High,2023,371,88.54415274463007
Calvin Klein,239,130,27,Male,Medium,2023,109,45.60669456066946
Levi's,94,220,42,Male,High,2023,-126,-134.04255319148936
Levi's,75,264,25,Female,Low,2021,-189,-252.0
Calvin Klein,421,44,33,Female,High,2020,377,89.54869358669833
Calvin Klein,148,36,62,Female,Low,2023,112,75.67567567567568
Levi's,160,26,37,Male,Medium,2022,134,83.75
Calvin Klein,163,223,63,Female,Low,2021,-60,-36.809815950920246
Levi's,256,243,53,Female,Medium,2022,13,5.078125
Calvin Klein,86,189,64,Female,Medium,2023,-103,-119.76744186046511
Levi's,51,294,49,Male,Medium,2020,-243,-476.4705882352941
Levi's,444,248,64,Female,High,2022,196,44.14414414414414
Calvin Klein,124,246,40,Female,Medium,2024,-122,-98.38709677419355
Calvin Klein,209,89,31,Female,Low,2024,120,57.41626794258373
Levi's,453,82,56,Male,High,2023,371,81.89845474613686
Calvin Klein,403,45,56,Male,Medium,2024,358,88.83374689826302
Calvin Klein,147,196,30,Male,High,2023,-49,-33.33333333333333
Levi's,491,51,21,Male,Low,2022,440,89.61303462321793
Calvin Klein,493,216,31,Female,High,2021,277,56.18661257606491
Levi's,150,238,46,Male,Low,2022,-88,-58.666666666666664
Levi's,307,144,52,Male,High,2022,163,53.09446254071661
Levi's,287,98,55,Male,High,2022,189,65.85365853658537
Levi's,461,181,60,Male,Low,2021,280,60.73752711496746
Levi's,151,95,25,Female,Low,2021,56,37.086092715231786
Calvin Klein,478,64,42,Female,High,2024,414,86.61087866108787
Levi's,252,243,50,Female,Medium,2023,9,3.571428571428571
Levi's,185,43,54,Female,Medium,2020,142,76.75675675675676
Calvin Klein,398,290,33,Female,Medium,2021,108,27.1356783919598
Calvin Klein,456,31,40,Female,Medium,2023,425,93.2017543859649
Calvin Klein,115,134,21,Female,Low,2022,-19,-16.52173913043478
Calvin Klein,133,204,23,Female,Medium,2020,-71,-53.383458646616546
Calvin Klein,314,56,28,Female,Medium,2021,258,82.16560509554141
Calvin Klein,188,151,32,Male,High,2020,37,19.680851063829788
Levi's,238,288,19,Male,High,2024,-50,-21.008403361344538
Levi's,210,245,50,Female,Medium,2021,-35,-16.666666666666664
Levi's,141,111,61,Male,Low,2020,30,21.27659574468085
Calvin Klein,119,191,38,Male,Low,2024,-72,-60.50420168067227
Levi's,156,156,37,Female,Low,2023,0,0.0
Levi's,380,231,33,Male,Medium,2020,149,39.21052631578947
Calvin Klein,129,265,30,Male,Medium,2022,-136,-105.4263565891473
Levi's,194,114,18,Female,Low,2021,80,41.23711340206185
Calvin Klein,120,207,29,Male,High,2021,-87,-72.5
Levi's,398,186,35,Female,High,2020,212,53.266331658291456
Levi's,234,79,20,Female,Medium,2020,155,66.23931623931624
Levi's,413,281,63,Female,Medium,2022,132,31.961259079903147
Calvin Klein,74,254,42,Male,Medium,2022,-180,-243.24324324324326
Calvin Klein,143,31,30,Male,High,2023,112,78.32167832167832
Calvin Klein,477,159,43,Female,Medium,2022,318,66.66666666666666
Calvin Klein,249,128,47,Male,High,2024,121,48.59437751004016
Calvin Klein,442,102,54,Male,High,2021,340,76.92307692307693
Calvin Klein,268,124,48,Male,Low,2023,144,53.73134328358209
Calvin Klein,187,269,27,Female,Low,2023,-82,-43.85026737967914
Calvin Klein,87,31,32,Female,Medium,2020,56,64.36781609195403
Calvin Klein,112,277,56,Male,Medium,2024,-165,-147.32142857142858
Calvin Klein,454,77,29,Male,Low,2021,377,83.03964757709251
Calvin Klein,428,100,50,Female,Low,2023,328,76.63551401869158
Levi's,273,37,54,Female,Low,2023,236,86.44688644688645
Levi's,114,249,44,Male,Medium,2024,-135,-118.42105263157893
Calvin Klein,490,203,51,Female,Low,2020,287,58.57142857142858
Calvin Klein,354,253,52,Female,Medium,2020,101,28.53107344632768
Levi's,128,150,46,Female,Low,2021,-22,-17.1875
Levi's,329,199,39,Male,Medium,2022,130,39.51367781155015
Calvin Klein,460,68,46,Male,Low,2023,392,85.21739130434783
Calvin Klein,339,98,51,Female,Medium,2024,241,71.09144542772862
Levi's,215,124,34,Female,Medium,2021,91,42.32558139534884
Levi's,477,271,20,Male,Low,2022,206,43.18658280922432
Levi's,105,176,64,Male,Low,2023,-71,-67.61904761904762
Calvin Klein,271,64,43,Female,High,2020,207,76.38376383763837
Levi's,435,76,32,Female,Medium,2021,359,82.5287356321839
Calvin Klein,179,271,18,Male,Medium,2021,-92,-51.39664804469274
Calvin Klein,341,195,49,Female,High,2023,146,42.81524926686217
Levi's,442,94,53,Male,High,2024,348,78.73303167420815
Levi's,394,143,24,Female,Low,2020,251,63.70558375634518
Calvin Klein,191,94,24,Female,Medium,2023,97,50.78534031413613
Levi's,269,260,41,Male,Medium,2023,9,3.3457249070631967
Levi's,343,138,35,Male,High,2023,205,59.7667638483965
Levi's,402,297,46,Male,High,2022,105,26.119402985074625
Calvin Klein,77,112,39,Female,High,2020,-35,-45.45454545454545
Calvin Klein,132,140,51,Female,High,2022,-8,-6.0606060606060606
Levi's,236,178,24,Male,Low,2020,58,24.576271186440678
Levi's,335,94,63,Male,Medium,2022,241,71.94029850746269
Calvin Klein,222,38,32,Male,Medium,2020,184,82.88288288288288
Levi's,360,208,19,Female,Low,2022,152,42.22222222222222
Calvin Klein,87,68,22,Male,Low,2023,19,21.839080459770116
Levi's,254,153,38,Female,Medium,2020,101,39.76377952755906
Calvin Klein,220,46,55,Male,High,2024,174,79.0909090909091
Levi's,390,248,59,Male,High,2023,142,36.41025641025641
Levi's,105,268,56,Male,Low,2020,-163,-155.23809523809524
Levi's,133,141,55,Female,High,2022,-8,-6.015037593984962
Calvin Klein,74,128,35,Male,Low,2024,-54,-72.97297297297297
Calvin Klein,131,21,60,Male,Medium,2023,110,83.96946564885496
Levi's,317,298,60,Male,Medium,2021,19,5.993690851735016
Levi's,200,178,45,Female,High,2020,22,11.0
Levi's,189,108,59,Female,Low,2020,81,42.857142857142854
Levi's,97,98,33,Female,Medium,2023,-1,-1.0309278350515463
Levi's,226,289,37,Female,High,2023,-63,-27.876106194690266
Calvin Klein,401,133,20,Female,High,2023,268,66.83291770573567
Levi's,144,279,50,Female,Low,2023,-135,-93.75
Levi's,263,63,64,Female,High,2024,200,76.04562737642586
Calvin Klein,286,121,55,Female,High,2021,165,57.692307692307686
Calvin Klein,444,36,25,Female,Medium,2020,408,91.8918918918919
Levi's,69,289,43,Female,Low,2020,-220,-318.84057971014494
Calvin Klein,365,223,33,Female,Low,2022,142,38.9041095890411
Levi's,345,257,39,Male,Low,2022,88,25.507246376811594
Levi's,208,253,36,Male,High,2022,-45,-21.634615384615387
Levi's,358,96,31,Male,Low,2023,262,73.18435754189943
Calvin Klein,395,205,35,Male,Medium,2020,190,48.10126582278481
Levi's,397,201,23,Female,High,2020,196,49.37027707808564
Levi's,227,126,43,Male,Medium,2023,101,44.49339207048458
Calvin Klein,222,156,55,Female,High,2021,66,29.72972972972973
Levi's,295,112,42,Male,Medium,2022,183,62.03389830508475
Levi's,446,213,38,Male,Medium,2024,233,52.242152466367706
Calvin Klein,270,162,18,Female,Medium,2024,108,40.0
Levi's,369,287,28,Male,High,2022,82,22.22222222222222
Calvin Klein,498,55,30,Female,High,2020,443,88.95582329317268
Levi's,188,234,42,Male,Low,2021,-46,-24.46808510638298
Levi's,323,125,58,Male,High,2022,198,61.30030959752322
Calvin Klein,324,249,32,Male,Medium,2020,75,23.14814814814815
Levi's,356,57,60,Male,Medium,2021,299,83.98876404494382
Levi's,216,239,30,Male,Medium,2020,-23,-10.648148148148149
Levi's,390,134,64,Female,High,2022,256,65.64102564102564
Levi's,73,60,26,Female,High,2021,13,17.80821917808219
Calvin Klein,74,160,38,Male,Low,2021,-86,-116.21621621621621
Levi's,354,210,35,Male,Medium,2020,144,40.67796610169492
Levi's,453,96,34,Male,Medium,2024,357,78.80794701986756
Calvin Klein,255,253,40,Female,Medium,2024,2,0.7843137254901961
Levi's,300,116,61,Male,Medium,2023,184,61.33333333333333
Calvin Klein,376,282,64,Female,Medium,2021,94,25.0
Calvin Klein,288,32,55,Male,High,2022,256,88.88888888888889
Levi's,146,89,64,Female,High,2020,57,39.04109589041096
Levi's,319,111,51,Male,Medium,2023,208,65.20376175548589
Calvin Klein,429,46,52,Male,Medium,2020,383,89.27738927738928
Calvin Klein,229,55,60,Female,High,2021,174,75.9825327510917
Levi's,469,257,54,Female,Low,2022,212,45.20255863539446
Levi's,287,53,48,Male,Low,2024,234,81.53310104529616
Levi's,419,154,28,Male,High,2022,265,63.24582338902148
Levi's,360,227,61,Female,High,2020,133,36.94444444444444
Levi's,208,276,40,Female,High,2022,-68,-32.69230769230769
Calvin Klein,84,167,57,Male,High,2021,-83,-98.80952380952381
Calvin Klein,201,275,64,Male,High,2021,-74,-36.81592039800995
Levi's,430,53,49,Male,High,2023,377,87.67441860465117
Levi's,183,290,64,Female,Low,2021,-107,-58.46994535519126
Calvin Klein,259,68,20,Male,Low,2024,191,73.74517374517374
Levi's,113,214,25,Female,High,2021,-101,-89.38053097345133
Calvin Klein,342,214,27,Male,High,2023,128,37.42690058479532
Calvin Klein,375,166,60,Male,High,2020,209,55.733333333333334
Calvin Klein,406,251,36,Male,High,2023,155,38.17733990147783
Calvin Klein,133,142,42,Female,Medium,2020,-9,-6.7669172932330826
Levi's,322,290,36,Male,High,2024,32,9.937888198757763
Levi's,403,288,64,Female,Medium,2021,115,28.53598014888337
Levi's,429,223,18,Male,High,2020,206,48.01864801864802
Levi's,239,98,60,Male,High,2021,141,58.995815899581594
Calvin Klein,387,106,52,Female,Medium,2024,281,72.60981912144703
Calvin Klein,339,293,37,Female,Low,2020,46,13.569321533923304
Levi's,408,136,29,Male,Medium,2023,272,66.66666666666666
Levi's,309,262,43,Male,Low,2024,47,15.210355987055015
Levi's,279,64,39,Female,Low,2020,215,77.06093189964157
Calvin Klein,209,184,39,Female,High,2024,25,11.961722488038278
Calvin Klein,369,269,29,Male,Medium,2021,100,27.100271002710024
Calvin Klein,319,71,47,Male,Low,2023,248,77.74294670846395
Calvin Klein,159,143,48,Male,High,2022,16,10.062893081761008
Levi's,53,116,45,Female,High,2022,-63,-118.86792452830188
Calvin Klein,463,144,60,Female,Medium,2023,319,68.89848812095032
Levi's,298,93,64,Female,High,2022,205,68.79194630872483
Levi's,244,252,34,Female,Medium,2020,-8,-3.278688524590164
Calvin Klein,464,261,42,Female,Medium,2020,203,43.75
Levi's,363,56,19,Male,Low,2022,307,84.57300275482093
Calvin Klein,436,48,46,Male,Low,2023,388,88.9908256880734
Calvin Klein,458,242,36,Female,Medium,2020,216,47.161572052401745
Levi's,74,168,25,Male,Medium,2021,-94,-127.02702702702702
Levi's,436,74,32,Male,Low,2021,362,83.02752293577981
Calvin Klein,163,194,63,Male,Medium,2022,-31,-19.018404907975462
Levi's,320,80,35,Female,High,2021,240,75.0
Calvin Klein,417,209,28,Male,High,2023,208,49.88009592326139
Levi's,173,279,22,Female,Medium,2021,-106,-61.27167630057804
Levi's,468,211,57,Male,Medium,2021,257,54.91452991452992
Calvin Klein,473,292,52,Male,Medium,2022,181,38.266384778012686
Levi's,289,149,21,Male,Medium,2020,140,48.44290657439446
Calvin Klein,181,87,33,Male,High,2021,94,51.93370165745856
Calvin Klein,155,134,27,Female,High,2021,21,13.548387096774196
Levi's,292,104,19,Male,High,2022,188,64.38356164383562
Levi's,170,296,42,Male,Medium,2021,-126,-74.11764705882354
Levi's,382,253,18,Female,Medium,2020,129,33.7696335078534
Levi's,400,129,59,Female,Low,2020,271,67.75
Levi's,405,80,39,Female,Medium,2022,325,80.24691358024691
